id,type,version,date_utc,ts,ts_entree,symbol,sens,setup,decision,raison,score,entree,px_signal,ecart_entree_R,sl,tp,rr,btc_h4,btc_h1,btc_ctx,btc_detail,corr_btc,btc_pts,sc_tendance,sc_timing,sc_volume,sc_oi,sc_rr,sc_liquidite,sc_malus,sc_btc,statut,date_sortie,resultat_R,frais_R,resultat_net_R,mfe_R,mae_R,duree_h,backfill
NEARUSDT|LONG|Rebond sur support H1|5.516,REEL,avant V6,2026-09-27 21:20,1790544025031,1790544025031.0,NEARUSDT,LONG,Rebond sur support H1,,,85,5.516,,,5.443,5.663,2.0,HAUSSIÈRE,HAUSSIÈRE,sens,,0.36,2,,,,,,,,,SL,2026-09-27 22:15,-1.0,0.09,-1.09,0.92,1.0,0.9,ok
NEARUSDT|LONG|Rebond sur support H1|5.152,REEL,avant V6,2026-09-28 05:53,1790574824337,1790574824337.0,NEARUSDT,LONG,Rebond sur support H1,,,79,5.152,,,5.063,5.479,3.67,NEUTRE/RANGE,BAISSIÈRE,contre,,0.36,-6,,,,,,,,,SL,2026-09-28 08:00,-1.0,0.07,-1.07,0.39,1.0,2.1,ok
INJUSDT|SHORT|Cassure baissière (clôture M15) + retest|7.437,REEL,avant V6,2026-09-28 06:57,1790578667922,1790578667922.0,INJUSDT,SHORT,Cassure baissière (clôture M15) + retest,,,80,7.437,,,7.508,7.296,2.0,NEUTRE/RANGE,BAISSIÈRE,sens,,0.48,-4,,,,,,,,,TP,2026-09-28 09:15,1.99,0.13,1.86,2.63,0.76,2.3,ok
HBARUSDT|LONG|Cassure confirmée (clôture M15) + retest|0.09792,REEL,avant V6,2026-09-28 07:24,1790580254258,1790580254258.0,HBARUSDT,LONG,Cassure confirmée (clôture M15) + retest,,,90,0.09792,,,0.09701,0.10066,3.0,NEUTRE/RANGE,BAISSIÈRE,contre,,0.53,-7,,,,,,,,,SL,2026-09-28 08:00,-1.0,0.13,-1.13,0.77,1.0,0.6,ok
ASTERUSDT|SHORT|Rejet de résistance H1|0.7022,REEL,avant V6,2026-09-28 08:07,1790582850105,1790582850105.0,ASTERUSDT,SHORT,Rejet de résistance H1,,,80,0.7022,,,0.707,0.6885,2.87,NEUTRE/RANGE,BAISSIÈRE,sens,,0.65,-4,,,,,,,,,SL,2026-09-28 12:15,-1.0,0.18,-1.18,1.52,1.0,4.1,ok
ONDOUSDT|LONG|Rebond sur support H1|0.5188,REEL,avant V6,2026-09-28 08:07,1790582850105,1790582850105.0,ONDOUSDT,LONG,Rebond sur support H1,,,79,0.5188,,,0.5064,0.5759,4.58,NEUTRE/RANGE,BAISSIÈRE,contre,,0.47,-6,,,,,,,,,SL,2026-09-28 10:00,-1.0,0.05,-1.05,0.87,1.0,1.9,ok
GRTUSDT|LONG|Rebond sur support H1|0.03149,REEL,avant V6,2026-09-28 08:57,1790585864106,1790585864106.0,GRTUSDT,LONG,Rebond sur support H1,,,76,0.03149,,,0.03066,0.03649,6.02,NEUTRE/RANGE,BAISSIÈRE,contre,,0.35,-6,,,,,,,,,SL,2026-09-28 14:45,-1.0,0.05,-1.05,2.23,1.0,5.8,ok
SOONUSDT|LONG|Rebond sur support H1|0.3006,REEL,avant V6,2026-09-28 08:57,1790585864106,1790585864106.0,SOONUSDT,LONG,Rebond sur support H1,,,74,0.3006,,,0.2865,0.3481,3.36,NEUTRE/RANGE,BAISSIÈRE,contre,,0.12,0,,,,,,,,,TP,2026-09-28 15:30,3.37,0.03,3.34,4.43,0.69,6.5,ok
BTCUSDT|SHORT|Cassure baissière (clôture M15) + retest|82651.0,REEL,avant V6,2026-09-28 09:57,1790589464879,1790589464879.0,BTCUSDT,SHORT,Cassure baissière (clôture M15) + retest,,,71,82651.0,,,82929.9,82093.2,2.0,NEUTRE/RANGE,BAISSIÈRE,sens,,,0,,,,,,,,,SL,2026-09-28 10:45,-1.0,0.36,-1.36,0.05,1.0,0.8,ok
ZECUSDT|SHORT|Rejet de résistance H1|1560.0,REEL,avant V6,2026-09-28 10:57,1790593073800,1790593073800.0,ZECUSDT,SHORT,Rejet de résistance H1,,,68,1560.0,,,1581.74,1498.18,2.84,NEUTRE/RANGE,BAISSIÈRE,sens,,0.41,-2,,,,,,,,,SL,2026-09-28 12:15,-1.0,0.09,-1.09,0.28,1.0,1.3,ok
AZTECUSDT|LONG|Rebond sur support H1|0.0177,REEL,avant V6,2026-09-28 11:27,1790594868719,1790594868719.0,AZTECUSDT,LONG,Rebond sur support H1,,,83,0.0177,,,0.01491,0.02328,2.0,NEUTRE/RANGE,BAISSIÈRE,contre,,0.16,0,,,,,,,,,EN_COURS,,,0.01,,1.25,0.0,,
GRTUSDT|LONG|Rebond sur support H1|0.03148,REEL,avant V6,2026-09-28 11:27,1790594868719,1790594868719.0,GRTUSDT,LONG,Rebond sur support H1,,,82,0.03148,,,0.03067,0.0365,6.14,NEUTRE/RANGE,BAISSIÈRE,contre,,0.38,-6,,,,,,,,,SL,2026-09-28 14:45,-1.0,0.05,-1.05,2.3,1.0,3.3,ok
HYPEUSDT|SHORT|Rejet de résistance H1|90.14,REEL,avant V6,2026-09-28 12:28,1790598482614,1790598482614.0,HYPEUSDT,SHORT,Rejet de résistance H1,,,79,90.14,,,90.65,89.14,2.02,NEUTRE/RANGE,BAISSIÈRE,sens,,0.6,-2,,,,,,,,,TP,2026-09-28 13:45,1.96,0.21,1.75,2.53,0.47,1.3,ok
NEARUSDT|LONG|Cassure confirmée (clôture M15) + retest|5.152,REEL,avant V6,2026-09-28 12:28,1790598482614,1790598482614.0,NEARUSDT,LONG,Cassure confirmée (clôture M15) + retest,,,78,5.152,,,5.068,5.479,3.88,NEUTRE/RANGE,BAISSIÈRE,contre,,0.51,-7,,,,,,,,,SL,2026-09-28 14:30,-1.0,0.07,-1.07,1.31,1.0,2.0,ok
XLMUSDT|LONG|Rebond sur support H1|0.2271,REEL,avant V6,2026-09-28 12:57,1790600276465,1790600276465.0,XLMUSDT,LONG,Rebond sur support H1,,,72,0.2271,,,0.2252,0.2308,2.0,NEUTRE/RANGE,BAISSIÈRE,contre,,0.55,-6,,,,,,,,,SL,2026-09-28 13:15,-1.0,0.14,-1.14,0.0,1.0,0.3,ok
AKEUSDT|SHORT|Cassure baissière (clôture M15) + retest|0.0315,REEL,avant V6,2026-09-28 13:27,1790602078781,1790602078781.0,AKEUSDT,SHORT,Cassure baissière (clôture M15) + retest,,,85,0.0315,,,0.033035,0.02865,1.86,NEUTRE/RANGE,BAISSIÈRE,sens,,0.13,0,,,,,,,,,SL,2026-09-28 17:45,-1.0,0.02,-1.02,0.58,1.0,4.3,ok
AZTECUSDT|LONG|Rebond sur support H1|0.01832,REEL,avant V6,2026-09-28 13:27,1790602078781,1790602078781.0,AZTECUSDT,LONG,Rebond sur support H1,,,73,0.01832,,,0.01784,0.02008,3.64,NEUTRE/RANGE,BAISSIÈRE,contre,,0.18,0,,,,,,,,,TP,2026-09-28 16:30,3.67,0.05,3.62,,,3.0,
GRTUSDT|LONG|Rebond sur support H1|0.03134,REEL,avant V6,2026-09-28 14:27,1790605679757,1790605679757.0,GRTUSDT,LONG,Rebond sur support H1,,,78,0.03134,,,0.03056,0.0365,6.6,NEUTRE/RANGE,BAISSIÈRE,contre,,0.37,-6,,,,,,,,,SL,2026-09-28 15:30,-1.0,0.05,-1.05,,,1.0,
NVDAUSDT|LONG|Cassure confirmée (clôture M15) + retest|230.07,REEL,avant V6,2026-09-28 15:28,1790609282676,1790609282676.0,NVDAUSDT,LONG,Cassure confirmée (clôture M15) + retest,,,75,230.07,,,228.68,232.84,2.0,NEUTRE/RANGE,BAISSIÈRE,contre,,0.49,-7,,,,,,,,,SL,2026-09-28 19:45,-1.0,0.2,-1.2,,,4.3,
SEIUSDT|LONG|Cassure confirmée (clôture M15) + retest|0.07766,REEL,avant V6,2026-09-28 15:57,1790611068786,1790611068786.0,SEIUSDT,LONG,Cassure confirmée (clôture M15) + retest,,,80,0.07766,,,0.07585,0.08326,3.1,NEUTRE/RANGE,BAISSIÈRE,contre,,0.3,-7,,,,,,,,,SL,2026-09-28 22:00,-1.0,0.05,-1.05,,,6.0,
XPLUSDT|SHORT|Rejet de résistance H1|0.0971,REEL,avant V6,2026-09-28 15:57,1790611068786,1790611068786.0,XPLUSDT,SHORT,Rejet de résistance H1,,,74,0.0971,,,0.09881,0.09221,2.87,NEUTRE/RANGE,BAISSIÈRE,sens,,0.55,-2,,,,,,,,,SL,2026-09-28 16:30,-1.0,0.07,-1.07,,,0.5,
ZROUSDT|SHORT|Cassure baissière (clôture M15) + retest|1.5456,REEL,avant V6,2026-09-28 16:28,1790612880034,1790612880034.0,ZROUSDT,SHORT,Cassure baissière (clôture M15) + retest,,,75,1.5456,,,1.7413,1.1542,2.0,NEUTRE/RANGE,BAISSIÈRE,sens,,0.45,-4,,,,,,,,,EN_COURS,,,0.01,,0.33,0.23,,
XAUTUSDT|SHORT|Rejet de résistance H1|4142.9,REEL,avant V6,2026-09-28 16:28,1790612880034,1790612880034.0,XAUTUSDT,SHORT,Rejet de résistance H1,,,71,4142.9,,,4151.4,4125.9,2.0,NEUTRE/RANGE,BAISSIÈRE,sens,,0.61,-4,,,,,,,,,TP,2026-09-28 20:15,2.0,0.58,1.42,,,3.8,
LINKUSDT|LONG|Rebond sur support H1|15.11,REEL,avant V6,2026-09-28 17:57,1790618273680,1790618273680.0,LINKUSDT,LONG,Rebond sur support H1,,,70,15.11,,,14.901,15.529,2.0,NEUTRE/RANGE,BAISSIÈRE,contre,,0.7,-11,,,,,,,,,TP,2026-09-29 00:15,2.0,0.09,1.91,,,6.3,
SAMSUNGUSDT|SHORT|Rejet de résistance H1|196.28,REEL,avant V6,2026-09-28 17:57,1790618273680,1790618273680.0,SAMSUNGUSDT,SHORT,Rejet de résistance H1,,,70,196.28,,,197.44,193.95,2.0,NEUTRE/RANGE,BAISSIÈRE,sens,,0.6,-2,,,,,,,,,SL,2026-09-28 21:15,-1.0,0.2,-1.2,,,3.3,
XAUUSDT|SHORT|Rejet de résistance H1|4145.43,REEL,avant V6,2026-09-28 18:27,1790620073222,1790620073222.0,XAUUSDT,SHORT,Rejet de résistance H1,,,74,4145.43,,,4155.72,4120.51,2.42,NEUTRE/RANGE,BAISSIÈRE,sens,,0.65,-4,,,,,,,,,TP,2026-09-28 21:00,2.42,0.48,1.94,,,2.5,
HYPEUSDT|SHORT|Rejet de résistance H1|88.85,REEL,avant V6,2026-09-28 18:58,1790621885994,1790621885994.0,HYPEUSDT,SHORT,Rejet de résistance H1,,,72,88.85,,,89.48,86.87,3.16,NEUTRE/RANGE,BAISSIÈRE,sens,,0.67,-4,,,,,,,,,TP,2026-09-28 22:00,3.14,0.17,2.97,,,3.0,
SPCXUSDT|SHORT|Cassure baissière (clôture M15) + retest|146.03,REEL,avant V6,2026-09-28 21:47,1790632073002,1790632073002.0,SPCXUSDT,SHORT,Cassure baissière (clôture M15) + retest,,,76,146.03,,,146.66,144.78,2.0,NEUTRE/RANGE,NEUTRE/RANGE,neutre,,0.49,-6,,,,,,,,,SL,2026-09-29 07:15,-1.0,0.28,-1.28,0.65,1.0,9.5,
SPCXUSDT|SHORT|Cassure baissière (clôture M15) + retest|146.04,REEL,avant V6,2026-09-28 22:02,1790632972631,1790632972631.0,SPCXUSDT,SHORT,Cassure baissière (clôture M15) + retest,,,77,146.04,,,146.64,144.86,2.0,NEUTRE/RANGE,BAISSIÈRE,sens,,0.47,-4,,,,,,,,,SL,2026-09-29 07:00,-1.0,0.29,-1.29,,,9.0,
BTCUSDT|SHORT|Cassure baissière (clôture M15) + retest|83460.6,REEL,avant V6,2026-09-28 22:47,1790635675750,1790635675750.0,BTCUSDT,SHORT,Cassure baissière (clôture M15) + retest,,,73,83460.6,,,85352.3,79677.2,2.0,NEUTRE/RANGE,BAISSIÈRE,sens,,,0,,,,,,,,,EN_COURS,,,0.05,,0.39,0.29,,
AKEUSDT|SHORT|Cassure baissière (clôture M15) + retest|0.0315,REEL,avant V6,2026-09-28 23:02,1790636574057,1790636574057.0,AKEUSDT,SHORT,Cassure baissière (clôture M15) + retest,,,74,0.0315,,,0.035362,0.023776,2.0,NEUTRE/RANGE,BAISSIÈRE,sens,,0.3,0,,,,,,,,,EN_COURS,,,0.01,,0.25,0.23,,
NVDAUSDT|LONG|Cassure confirmée (clôture M15) + retest|229.52,REEL,avant V6,2026-09-29 00:02,1790640173597,1790640173597.0,NVDAUSDT,LONG,Cassure confirmée (clôture M15) + retest,,,72,229.52,,,228.72,233.2,4.62,NEUTRE/RANGE,BAISSIÈRE,contre,,0.5,-7,,,,,,,,,SL,2026-09-29 01:00,-1.0,0.34,-1.34,,,1.0,
LINKUSDT|LONG|Rebond sur support H1|15.533,REEL,avant V6,2026-09-29 00:17,1790641067284,1790641067284.0,LINKUSDT,LONG,Rebond sur support H1,,,85,15.533,,,15.33,15.939,2.0,NEUTRE/RANGE,BAISSIÈRE,contre,,0.69,-11,,,,,,,,,SL,2026-09-29 01:15,-1.0,0.09,-1.09,,,1.0,
ENAUSDT|SHORT|Cassure baissière (clôture M15) + retest|0.2555,REEL,avant V6,2026-09-29 00:32,1790641967021,1790641967021.0,ENAUSDT,SHORT,Cassure baissière (clôture M15) + retest,,,79,0.2555,,,0.25885,0.23848,5.09,NEUTRE/RANGE,BAISSIÈRE,sens,,0.55,-4,,,,,,,,,EN_COURS,,,0.09,,2.53,0.0,,
SPCXUSDT|SHORT|Cassure baissière (clôture M15) + retest|146.06,REEL,avant V6,2026-09-29 01:03,1790643783276,1790643783276.0,SPCXUSDT,SHORT,Cassure baissière (clôture M15) + retest,,,88,146.06,,,146.58,145.03,2.0,NEUTRE/RANGE,BAISSIÈRE,sens,,0.49,-4,,,,,,,,,SL,2026-09-29 06:45,-1.0,0.34,-1.34,,,5.7,
LTCUSDT|SHORT|Cassure baissière (clôture M15) + retest|68.52,REEL,avant V6,2026-09-29 01:18,1790644687726,1790644687726.0,LTCUSDT,SHORT,Cassure baissière (clôture M15) + retest,,,84,68.52,,,69.09,65.61,5.13,NEUTRE/RANGE,BAISSIÈRE,sens,,0.43,-4,,,,,,,,,EN_COURS,,,0.14,,2.67,0.42,,
HYPEUSDT|SHORT|Rejet de résistance H1|86.56,REEL,avant V6,2026-09-29 01:18,1790644687726,1790644687726.0,HYPEUSDT,SHORT,Rejet de résistance H1,,,83,86.56,,,87.16,85.35,2.0,NEUTRE/RANGE,BAISSIÈRE,sens,,0.73,-4,,,,,,,,,SL,2026-09-29 04:30,-1.0,0.17,-1.17,,,3.2,
ONDOUSDT|SHORT|Rejet de résistance H1|0.5059,REEL,avant V6,2026-09-29 01:32,1790645576984,1790645576984.0,ONDOUSDT,SHORT,Rejet de résistance H1,,,90,0.5059,,,0.5146,0.4473,6.8,NEUTRE/RANGE,BAISSIÈRE,sens,,0.53,-2,,,,,,,,,SL,2026-09-29 04:30,-1.0,0.07,-1.07,,,3.0,
SNDKUSDT|SHORT|Rejet de résistance H1|1702.55,REEL,avant V6,2026-09-29 01:32,1790645576984,1790645576984.0,SNDKUSDT,SHORT,Rejet de résistance H1,,,84,1702.55,,,1711.27,1663.14,4.52,NEUTRE/RANGE,BAISSIÈRE,sens,,0.65,-4,,,,,,,,,SL,2026-09-29 06:15,-1.0,0.23,-1.23,,,4.7,
TRUMPUSDT|SHORT|Cassure baissière (clôture M15) + retest|1.964,REEL,avant V6,2026-09-29 01:47,1790646468837,1790646468837.0,TRUMPUSDT,SHORT,Cassure baissière (clôture M15) + retest,,,86,1.964,,,1.988,1.912,2.15,NEUTRE/RANGE,BAISSIÈRE,sens,,0.83,-7,,,,,,,,,SL,2026-09-29 06:15,-1.0,0.1,-1.1,,,4.5,
UNIUSDT|SHORT|Rejet de résistance H1|8.588,REEL,avant V6,2026-09-29 02:17,1790648267057,1790648267057.0,UNIUSDT,SHORT,Rejet de résistance H1,,,82,8.588,,,8.688,8.389,2.0,NEUTRE/RANGE,BAISSIÈRE,sens,,0.73,-4,,,,,,,,,SL,2026-09-29 06:00,-1.0,0.1,-1.1,,,3.7,
ONDOUSDT|SHORT|Rejet de résistance H1|0.4973,REEL,avant V6,2026-09-29 02:17,1790648267057,1790648267057.0,ONDOUSDT,SHORT,Rejet de résistance H1,,,79,0.4973,,,0.5062,0.4473,5.56,NEUTRE/RANGE,BAISSIÈRE,sens,,0.53,-2,,,,,,,,,SL,2026-09-29 03:30,-1.0,0.07,-1.07,,,1.2,
BCHUSDT|SHORT|Cassure baissière (clôture M15) + retest|304.4,REEL,avant V6,2026-09-29 02:33,1790649183362,1790649183362.0,BCHUSDT,SHORT,Cassure baissière (clôture M15) + retest,,,77,304.4,,,306.8,299.5,2.0,NEUTRE/RANGE,BAISSIÈRE,sens,,0.59,-4,,,,,,,,,SL,2026-09-29 03:45,-1.0,0.15,-1.15,,,1.2,
XPLUSDT|SHORT|Rejet de résistance H1|0.09507,REEL,avant V6,2026-09-29 02:47,1790650075384,1790650075384.0,XPLUSDT,SHORT,Rejet de résistance H1,,,80,0.09507,,,0.09666,0.09221,1.81,NEUTRE/RANGE,BAISSIÈRE,sens,,0.65,-4,,,,,,,,,SL,2026-09-29 04:15,-1.0,0.07,-1.07,,,1.5,
XPLUSDT|SHORT|Rejet de résistance H1|0.09508,REEL,avant V6,2026-09-29 03:02,1790650966405,1790650966405.0,XPLUSDT,SHORT,Rejet de résistance H1,,,75,0.09508,,,0.09664,0.09221,1.83,NEUTRE/RANGE,BAISSIÈRE,sens,,0.65,-4,,,,,,,,,SL,2026-09-29 04:15,-1.0,0.07,-1.07,,,1.2,
GRASSUSDT|LONG|Rebond sur support H1|0.6257,REEL,avant V6,2026-09-29 03:32,1790652772584,1790652772584.0,GRASSUSDT,LONG,Rebond sur support H1,,,78,0.6257,,,0.61,0.6676,2.67,NEUTRE/RANGE,BAISSIÈRE,contre,,0.34,-6,,,,,,,,,TP,2026-09-29 04:15,2.67,0.05,2.62,,,0.7,
GRASSUSDT|LONG|Rebond sur support H1|0.6757,REEL,avant V6,2026-09-29 04:32,1790656358489,1790656358489.0,GRASSUSDT,LONG,Rebond sur support H1,,,86,0.6757,,,0.659,0.709,2.0,NEUTRE/RANGE,BAISSIÈRE,contre,,0.34,-6,,,,,,,,,TP,2026-09-29 05:15,1.99,0.05,1.94,,,0.7,
USELESSUSDT|SHORT|Rejet de résistance H1|0.23058,REEL,avant V6,2026-09-29 05:02,1790658167384,1790658167384.0,USELESSUSDT,SHORT,Rejet de résistance H1,,,77,0.23058,,,0.23509,0.22156,2.0,NEUTRE/RANGE,BAISSIÈRE,sens,,0.74,-4,,,,,,,,,SL,2026-09-29 06:45,-1.0,0.06,-1.06,,,1.7,
XAGUSDT|SHORT|Cassure baissière (clôture M15) + retest|60.71,REEL,avant V6,2026-09-29 05:02,1790658167384,1790658167384.0,XAGUSDT,SHORT,Cassure baissière (clôture M15) + retest,,,74,60.71,,,61.14,59.85,2.0,NEUTRE/RANGE,BAISSIÈRE,sens,,0.59,-4,,,,,,,,,EN_COURS,,,0.17,,0.74,0.91,,
GRASSUSDT|LONG|Rebond sur support H1|0.6997,REEL,avant V6,2026-09-29 05:17,1790659079054,1790659079054.0,GRASSUSDT,LONG,Rebond sur support H1,,,87,0.6997,,,0.6818,0.7355,2.0,NEUTRE/RANGE,BAISSIÈRE,contre,,0.35,-6,,,,,,,,,SL,2026-09-29 05:45,-1.0,0.05,-1.05,,,0.5,
SKHYNIXUSDT|SHORT|Rejet de résistance H1|1292.4,REEL,avant V6,2026-09-29 05:17,1790659079054,1790659079054.0,SKHYNIXUSDT,SHORT,Rejet de résistance H1,,,75,1292.4,,,1298.85,1266.68,3.98,NEUTRE/RANGE,BAISSIÈRE,sens,,0.48,-2,,,,,,,,,SL,2026-09-29 06:15,-1.0,0.24,-1.24,,,1.0,
GRASSUSDT|LONG|Rebond sur support H1|0.676,REEL,avant V6,2026-09-29 05:32,1790659955674,1790659955674.0,GRASSUSDT,LONG,Rebond sur support H1,,,85,0.676,,,0.6581,0.7118,2.0,NEUTRE/RANGE,BAISSIÈRE,contre,,0.35,-6,,,,,,,,,TP,2026-09-29 06:15,2.0,0.05,1.95,,,0.7,
XAUUSDT|SHORT|Rejet de résistance H1|4145.77,REEL,avant V6,2026-09-29 06:02,1790661760668,1790661760668.0,XAUUSDT,SHORT,Rejet de résistance H1,,,83,4145.77,,,4154.69,4121.2,2.76,NEUTRE/RANGE,BAISSIÈRE,sens,,0.6,-2,,,,,,,,,EN_COURS,,,0.56,,0.4,0.87,,
ETHUSDT|SHORT|Rejet de résistance H1|2694.52,REEL,avant V6,2026-09-29 06:32,1790663568281,1790663568281.0,ETHUSDT,SHORT,Rejet de résistance H1,,,82,2694.52,,,2710.49,2653.6,2.56,NEUTRE/RANGE,BAISSIÈRE,sens,,0.93,-4,,,,,,,,,SL,2026-09-29 07:15,-1.0,0.2,-1.2,0.0,1.0,0.7,
SNDKUSDT|SHORT|Rejet de résistance H1|1725.77,REEL,avant V6,2026-09-29 06:32,1790663568281,1790663568281.0,SNDKUSDT,SHORT,Rejet de résistance H1,,,82,1725.77,,,1734.09,1706.81,2.28,NEUTRE/RANGE,BAISSIÈRE,sens,,0.64,-4,,,,,,,,,EN_COURS,,,0.25,,0.67,0.75,,
GRASSUSDT|LONG|Rebond sur support H1|0.6766,REEL,avant V6,2026-09-29 07:02,1790665363366,1790665363366.0,GRASSUSDT,LONG,Rebond sur support H1,,,85,0.6766,,,0.6561,0.7176,2.0,NEUTRE/RANGE,NEUTRE/RANGE,neutre,,0.33,-4,,,,,,,,,EN_COURS,,,0.04,,0.0,0.0,,
NVDAUSDT|LONG|Rebond sur support H1|229.87,FANTOME,6.0,2026-09-29 07:16,1790666175500,,NVDAUSDT,LONG,Rebond sur support H1,PREPARE,déclencheur pas encore atteint,87,229.87,229.87,0.0,229.2,233.23,4.98,NEUTRE/RANGE,NEUTRE/RANGE,neutre,neutre-neutre,0.52,-4,25.0,20.0,9.2,15.0,15.0,7.0,0.0,-4.0,ATTENTE,,,0.41,,,,,
AAVEUSDT|LONG|Rebond sur support H1|157.3,FANTOME,6.0,2026-09-29 07:16,1790666175500,,AAVEUSDT,LONG,Rebond sur support H1,PREPARE,déclencheur pas encore atteint,73,157.3,157.26,-0.0,149.12,173.65,2.0,NEUTRE/RANGE,NEUTRE/RANGE,neutre,neutre-neutre,0.78,-8,12.0,19.7,12.8,15.0,12.0,10.0,0.0,-8.0,ATTENTE,,,0.02,,,,,
GRAMUSDT|LONG|Rebond sur support H1|1.583,FANTOME,6.0,2026-09-29 07:16,1790666175500,,GRAMUSDT,LONG,Rebond sur support H1,PREPARE,déclencheur pas encore atteint,60,1.583,1.582,-0.05,1.561,1.624,1.81,NEUTRE/RANGE,NEUTRE/RANGE,neutre,neutre-neutre,0.39,-4,15.0,19.4,0.0,15.0,8.0,7.0,0.0,-4.0,ATTENTE,,,0.09,,,,,
LINKUSDT|LONG|Rebond sur support H1|15.106,FANTOME,6.0,2026-09-29 07:16,1790666175500,,LINKUSDT,LONG,Rebond sur support H1,PREPARE,déclencheur pas encore atteint,79,15.106,15.093,-0.07,14.915,15.434,1.73,NEUTRE/RANGE,NEUTRE/RANGE,neutre,neutre-neutre,0.64,-8,25.0,19.2,15.0,10.0,8.0,10.0,0.0,-8.0,ATTENTE,,,0.09,,,,,
SEIUSDT|LONG|Rebond sur support H1|0.07497,FANTOME,6.0,2026-09-29 07:16,1790666175500,,SEIUSDT,LONG,Rebond sur support H1,PREPARE,déclencheur pas encore atteint,87,0.07497,0.07485,-0.1,0.0738,0.07992,4.24,NEUTRE/RANGE,NEUTRE/RANGE,neutre,neutre-neutre,0.43,-4,20.0,18.8,15.0,15.0,15.0,7.0,0.0,-4.0,ATTENTE,,,0.08,,,,,
HYPEUSDT|SHORT|Rejet de résistance H1|88.3,FANTOME,6.0,2026-09-29 07:16,1790666175500,1790666175500.0,HYPEUSDT,SHORT,Rejet de résistance H1,TRADE NOW,"déclencheur atteint, prix proche de l'entrée",82,88.3,88.21,0.16,88.87,86.85,2.49,NEUTRE/RANGE,NEUTRE/RANGE,neutre,neutre-neutre,0.74,-8,25.0,18.2,15.0,10.0,12.0,10.0,0.0,-8.0,EN_COURS,,,0.19,,0.0,0.0,,
BCHUSDT|SHORT|Rejet de résistance H1|310.4,FANTOME,6.0,2026-09-29 07:16,1790666175500,,BCHUSDT,SHORT,Rejet de résistance H1,PREPARE,déclencheur pas encore atteint,67,310.4,310.8,-0.16,312.9,305.7,1.86,NEUTRE/RANGE,NEUTRE/RANGE,neutre,neutre-neutre,0.72,-8,17.0,18.0,15.0,10.0,8.0,7.0,0.0,-8.0,ATTENTE,,,0.15,,,,,
LTCUSDT|LONG|Rebond sur support H1|68.86,FANTOME,6.0,2026-09-29 07:16,1790666175500,,LTCUSDT,LONG,Rebond sur support H1,PREPARE,déclencheur pas encore atteint,61,68.86,68.74,-0.2,68.25,70.21,2.22,NEUTRE/RANGE,NEUTRE/RANGE,neutre,neutre-neutre,0.47,-4,7.0,17.3,13.5,5.0,12.0,10.0,0.0,-4.0,ATTENTE,,,0.14,,,,,
1000PEPEUSDT|SHORT|Rejet de résistance H1|0.00421,FANTOME,6.0,2026-09-29 07:16,1790666175500,,1000PEPEUSDT,SHORT,Rejet de résistance H1,PREPARE,déclencheur pas encore atteint,76,0.00421,0.00422,-0.03,0.0045,0.003631,2.0,NEUTRE/RANGE,NEUTRE/RANGE,neutre,neutre-neutre,0.85,-8,25.0,17.2,15.0,5.0,12.0,10.0,0.0,-8.0,ATTENTE,,,0.02,,,,,
ALGOUSDT|LONG|Rebond sur support H1|0.13136,FANTOME,6.0,2026-09-29 07:16,1790666175500,,ALGOUSDT,LONG,Rebond sur support H1,PREPARE,déclencheur pas encore atteint,68,0.13136,0.1307,-0.24,0.12864,0.13831,2.56,NEUTRE/RANGE,NEUTRE/RANGE,neutre,neutre-neutre,0.32,-4,25.0,17.1,7.9,0.0,15.0,7.0,0.0,-4.0,ATTENTE,,,0.06,,,,,
ETHUSDT|LONG|Rebond sur support H1|2704.83,FANTOME,6.0,2026-09-29 07:16,1790666175500,1790666175500.0,ETHUSDT,LONG,Rebond sur support H1,TRADE NOW,"déclencheur atteint, prix proche de l'entrée",72,2704.83,2708.45,0.22,2688.56,2739.1,2.11,NEUTRE/RANGE,NEUTRE/RANGE,neutre,neutre-neutre,0.94,-8,12.0,16.4,15.0,15.0,12.0,10.0,0.0,-8.0,EN_COURS,,,0.2,,0.0,0.0,,
WLDUSDT|LONG|Rebond sur support H1|0.5023,FANTOME,6.0,2026-09-29 07:16,1790666175500,,WLDUSDT,LONG,Rebond sur support H1,PREPARE,déclencheur pas encore atteint,60,0.5023,0.4999,-0.26,0.4932,0.5293,2.97,NEUTRE/RANGE,NEUTRE/RANGE,neutre,neutre-neutre,0.71,-8,7.0,16.2,15.0,5.0,15.0,10.0,0.0,-8.0,ATTENTE,,,0.07,,,,,
SKHYNIXUSDT|SHORT|Rejet de résistance H1|1304.31,FANTOME,6.0,2026-09-29 07:16,1790666175500,,SKHYNIXUSDT,SHORT,Rejet de résistance H1,PREPARE,déclencheur pas encore atteint,62,1304.31,1306.45,-0.1,1326.75,1266.76,1.67,NEUTRE/RANGE,NEUTRE/RANGE,neutre,neutre-neutre,0.51,-4,25.0,16.2,0.0,10.0,8.0,7.0,0.0,-4.0,ATTENTE,,,0.07,,,,,
ARBUSDT|SHORT|Rejet de résistance H1|0.20228,FANTOME,6.0,2026-09-29 07:16,1790666175500,,ARBUSDT,SHORT,Rejet de résistance H1,PREPARE,déclencheur pas encore atteint,69,0.20228,0.2014,0.32,0.20501,0.19234,3.63,NEUTRE/RANGE,NEUTRE/RANGE,neutre,neutre-neutre,0.74,-8,17.0,16.2,8.8,10.0,15.0,10.0,0.0,-8.0,ATTENTE,,,0.09,,,,,
SPCXUSDT|SHORT|Rejet de résistance H1|146.93,FANTOME,6.0,2026-09-29 07:16,1790666175500,,SPCXUSDT,SHORT,Rejet de résistance H1,PREPARE,déclencheur pas encore atteint,64,146.93,146.75,0.34,147.46,145.62,2.47,NEUTRE/RANGE,NEUTRE/RANGE,neutre,neutre-neutre,0.52,-4,25.0,15.3,5.6,0.0,12.0,10.0,0.0,-4.0,ATTENTE,,,0.33,,,,,
AVAXUSDT|LONG|Rebond sur support H1|11.137,FANTOME,6.0,2026-09-29 07:16,1790666175500,1790666175500.0,AVAXUSDT,LONG,Rebond sur support H1,TRADE NOW,"déclencheur atteint, prix proche de l'entrée",69,11.137,11.213,0.57,11.004,11.403,2.0,NEUTRE/RANGE,NEUTRE/RANGE,neutre,neutre-neutre,0.76,-8,12.0,13.1,15.0,15.0,12.0,10.0,0.0,-8.0,EN_COURS,,,0.1,,0.0,0.0,,
ENAUSDT|SHORT|Rejet de résistance H1|0.2555,FANTOME,6.0,2026-09-29 07:16,1790666175500,,ENAUSDT,SHORT,Rejet de résistance H1,PREPARE,déclencheur pas encore atteint,70,0.2555,0.25364,0.54,0.25895,0.24784,2.22,NEUTRE/RANGE,NEUTRE/RANGE,neutre,neutre-neutre,0.56,-4,17.0,13.1,11.5,10.0,12.0,10.0,0.0,-4.0,ATTENTE,,,0.09,,,,,
TAOUSDT|LONG|Rebond sur support H1|313.45,FANTOME,6.0,2026-09-29 07:16,1790666175500,,TAOUSDT,LONG,Rebond sur support H1,PREPARE,déclencheur pas encore atteint,64,313.45,311.16,-0.35,306.84,328.99,2.35,NEUTRE/RANGE,NEUTRE/RANGE,neutre,neutre-neutre,0.8,-8,7.0,12.6,15.0,15.0,12.0,10.0,0.0,-8.0,ATTENTE,,,0.06,,,,,
XLMUSDT|LONG|Rebond sur support H1|0.2266,FANTOME,6.0,2026-09-29 07:16,1790666175500,,XLMUSDT,LONG,Rebond sur support H1,PREPARE,déclencheur pas encore atteint,71,0.2266,0.2288,0.14,0.2108,0.2581,2.0,NEUTRE/RANGE,NEUTRE/RANGE,neutre,neutre-neutre,0.62,-8,25.0,11.6,15.0,5.0,12.0,10.0,0.0,-8.0,ATTENTE,,,0.02,,,,,
INJUSDT|SHORT|Rejet de résistance H1|7.449,FANTOME,6.0,2026-09-29 07:16,1790666175500,,INJUSDT,SHORT,Rejet de résistance H1,PREPARE,déclencheur pas encore atteint,62,7.449,7.532,-0.15,7.997,6.353,2.0,NEUTRE/RANGE,NEUTRE/RANGE,neutre,neutre-neutre,0.62,-8,17.0,9.4,15.0,10.0,12.0,7.0,0.0,-8.0,ATTENTE,,,0.02,,,,,
